billid,date,billstage,chambername,legistype
462,12-Dec-2018,AMENDED,Senate,Senate Amendment to House Amendment:
462,12-Dec-2018,AMENDED,Senate,Senate Amendment to House Amendment:
462,13-Dec-2018,AMENDED,Senate,Senate Amendment to House Amendment:
462,13-Dec-2018,AMENDED,Senate,Senate Amendment to House Amendment:
462,13-Dec-2018,AMENDED,Senate,Senate Amendment to House Amendment:
462,13-Dec-2018,AMENDED,Senate,Senate Amendment to House Amendment:
585,27-Sep-2017,AMENDED,House of Representatives,HOUSE AMENDMENT TO SENATE AMENDMENT:
585,27-Sep-2017,AMENDED,House of Representatives,HOUSE AMENDMENT TO SENATE AMENDMENT:
569,11-Jan-2018,AMENDED,House of Representatives,Amendment:
569,11-Jan-2018,AMENDED,House of Representatives,Amendment:
149,15-Mar-2018,AMENDED,House of Representatives,Amendment:
149,15-Mar-2018,AMENDED,House of Representatives,Amendment:
567,21-Aug-2018,AMENDED,House of Representatives,HOUSE AMENDMENT TO SENATE AMENDMENT:
567,21-Aug-2018,AMENDED,House of Representatives,HOUSE AMENDMENT TO SENATE AMENDMENT:
260,24-Jan-2017,ENGROSSED,Senate,AN ACT
260,24-Jan-2017,ENGROSSED,Senate,AN ACT
533,26-Jun-2017,ENGROSSED,Senate,AN ACT
533,26-Jun-2017,ENGROSSED,Senate,AN ACT
432,5-Dec-2017,ENGROSSED,Senate,AN ACT
432,5-Dec-2017,ENGROSSED,Senate,AN ACT
113,14-Jun-2018,ENGROSSED,Senate,AN ACT
113,14-Jun-2018,ENGROSSED,Senate,AN ACT
15,20-Nov-2018,ENGROSSED,Senate,AN ACT
15,20-Nov-2018,ENGROSSED,Senate,AN ACT
318,13-Dec-2018,ENGROSSED,Senate,AN ACT
318,13-Dec-2018,ENGROSSED,Senate,AN ACT
432,22-Dec-2018,ENGROSSED,Senate,AN ACT
432,22-Dec-2018,ENGROSSED,Senate,AN ACT
432,28-Dec-2018,ENGROSSED,Senate,AN ACT
432,28-Dec-2018,ENGROSSED,Senate,AN ACT
432,28-Dec-2018,ENGROSSED,Senate,AN ACT
432,28-Dec-2018,ENGROSSED,Senate,AN ACT
432,28-Dec-2018,ENGROSSED,Senate,AN ACT
432,28-Dec-2018,ENGROSSED,Senate,AN ACT
245,7-Mar-2017,ENGROSSED,House of Representatives,AN ACT
245,7-Mar-2017,ENGROSSED,House of Representatives,AN ACT
395,10-Mar-2017,ENGROSSED,House of Representatives,AN ACT
395,10-Mar-2017,ENGROSSED,House of Representatives,AN ACT
493,30-Mar-2017,ENGROSSED,House of Representatives,AN ACT
493,30-Mar-2017,ENGROSSED,House of Representatives,AN ACT
557,22-Jun-2017,ENGROSSED,House of Representatives,AN ACT
576,22-Jun-2017,ENGROSSED,House of Representatives,AN ACT
557,22-Jun-2017,ENGROSSED,House of Representatives,AN ACT
576,22-Jun-2017,ENGROSSED,House of Representatives,AN ACT
594,18-Jul-2017,ENGROSSED,House of Representatives,AN ACT
594,18-Jul-2017,ENGROSSED,House of Representatives,AN ACT
594,18-Jul-2017,ENGROSSED,House of Representatives,AN ACT
594,18-Jul-2017,ENGROSSED,House of Representatives,AN ACT
590,20-Jul-2017,ENGROSSED,House of Representatives,AN ACT
596,20-Jul-2017,ENGROSSED,House of Representatives,AN ACT
590,20-Jul-2017,ENGROSSED,House of Representatives,AN ACT
596,20-Jul-2017,ENGROSSED,House of Representatives,AN ACT
350,25-Jul-2017,ENGROSSED,House of Representatives,AN ACT
350,25-Jul-2017,ENGROSSED,House of Representatives,AN ACT
557,6-Sep-2017,ENGROSSED,House of Representatives,AN ACT
557,6-Sep-2017,ENGROSSED,House of Representatives,AN ACT
557,6-Sep-2017,ENGROSSED,House of Representatives,AN ACT
557,6-Sep-2017,ENGROSSED,House of Representatives,AN ACT
557,6-Sep-2017,ENGROSSED,House of Representatives,AN ACT
557,6-Sep-2017,ENGROSSED,House of Representatives,AN ACT
485,15-Feb-2018,ENGROSSED,House of Representatives,AN ACT
485,15-Feb-2018,ENGROSSED,House of Representatives,AN ACT
168,27-Feb-2018,ENGROSSED,House of Representatives,AN ACT
168,27-Feb-2018,ENGROSSED,House of Representatives,AN ACT
590,16-Apr-2018,ENGROSSED,House of Representatives,AN ACT
590,16-Apr-2018,ENGROSSED,House of Representatives,AN ACT
590,16-Apr-2018,ENGROSSED,House of Representatives,AN ACT
590,16-Apr-2018,ENGROSSED,House of Representatives,AN ACT
525,7-May-2018,ENGROSSED,House of Representatives,AN ACT
525,7-May-2018,ENGROSSED,House of Representatives,AN ACT
576,9-May-2018,ENGROSSED,House of Representatives,AN ACT
576,9-May-2018,ENGROSSED,House of Representatives,AN ACT
576,9-May-2018,ENGROSSED,House of Representatives,AN ACT
576,9-May-2018,ENGROSSED,House of Representatives,AN ACT
525,22-May-2018,ENGROSSED,House of Representatives,AN ACT
525,22-May-2018,ENGROSSED,House of Representatives,AN ACT
525,22-May-2018,ENGROSSED,House of Representatives,AN ACT
525,22-May-2018,ENGROSSED,House of Representatives,AN ACT
525,22-May-2018,ENGROSSED,House of Representatives,AN ACT
525,22-May-2018,ENGROSSED,House of Representatives,AN ACT
521,19-Jun-2018,ENGROSSED,House of Representatives,AN ACT
521,19-Jun-2018,ENGROSSED,House of Representatives,AN ACT
542,16-Jul-2018,ENGROSSED,House of Representatives,AN ACT
542,16-Jul-2018,ENGROSSED,House of Representatives,AN ACT
159,23-Aug-2018,ENGROSSED,House of Representatives,AN ACT
159,23-Aug-2018,ENGROSSED,House of Representatives,AN ACT
304,5-Sep-2018,ENGROSSED,House of Representatives,AN ACT
304,5-Sep-2018,ENGROSSED,House of Representatives,AN ACT
413,6-Sep-2018,ENGROSSED,House of Representatives,AN ACT
413,6-Sep-2018,ENGROSSED,House of Representatives,AN ACT
50,26-Sep-2018,ENGROSSED,House of Representatives,AN ACT
50,26-Sep-2018,ENGROSSED,House of Representatives,AN ACT
456,5-Apr-2017,ENROLLED,House of Representatives,AN ACT
456,5-Apr-2017,ENROLLED,House of Representatives,AN ACT
592,8-Jun-2017,ENROLLED,House of Representatives,AN ACT
592,8-Jun-2017,ENROLLED,House of Representatives,AN ACT
592,28-Jun-2017,ENROLLED,House of Representatives,AN ACT
592,28-Jun-2017,ENROLLED,House of Representatives,AN ACT
592,28-Jun-2017,ENROLLED,House of Representatives,AN ACT
592,28-Jun-2017,ENROLLED,House of Representatives,AN ACT
592,28-Jun-2017,ENROLLED,House of Representatives,AN ACT
592,28-Jun-2017,ENROLLED,House of Representatives,AN ACT
140,29-Jun-2017,ENROLLED,House of Representatives,AN ACT
140,29-Jun-2017,ENROLLED,House of Representatives,AN ACT
580,19-Jul-2017,ENROLLED,House of Representatives,AN ACT
580,19-Jul-2017,ENROLLED,House of Representatives,AN ACT
480,20-Jul-2017,ENROLLED,House of Representatives,AN ACT
480,20-Jul-2017,ENROLLED,House of Representatives,AN ACT
572,24-Jul-2017,ENROLLED,House of Representatives,AN ACT
572,24-Jul-2017,ENROLLED,House of Representatives,AN ACT
572,24-Jul-2017,ENROLLED,House of Representatives,AN ACT
572,24-Jul-2017,ENROLLED,House of Representatives,AN ACT
564,1-Dec-2017,ENROLLED,House of Representatives,AN ACT
564,1-Dec-2017,ENROLLED,House of Representatives,AN ACT
564,8-Feb-2018,ENROLLED,House of Representatives,AN ACT
564,8-Feb-2018,ENROLLED,House of Representatives,AN ACT
564,8-Feb-2018,ENROLLED,House of Representatives,AN ACT
564,8-Feb-2018,ENROLLED,House of Representatives,AN ACT
564,8-Feb-2018,ENROLLED,House of Representatives,AN ACT
564,8-Feb-2018,ENROLLED,House of Representatives,AN ACT
391,26-Mar-2018,ENROLLED,House of Representatives,AN ACT
391,26-Mar-2018,ENROLLED,House of Representatives,AN ACT
553,16-Apr-2018,ENROLLED,House of Representatives,AN ACT
553,16-Apr-2018,ENROLLED,House of Representatives,AN ACT
384,25-Apr-2018,ENROLLED,House of Representatives,AN ACT
384,25-Apr-2018,ENROLLED,House of Representatives,AN ACT
256,17-Sep-2018,ENROLLED,House of Representatives,AN ACT
256,17-Sep-2018,ENROLLED,House of Representatives,AN ACT
473,20-Dec-2018,ENROLLED,House of Representatives,AN ACT
473,20-Dec-2018,ENROLLED,House of Representatives,AN ACT
2,3-Jan-2017,INTRODUCED,Senate,A BILL
459,3-Jan-2017,INTRODUCED,Senate,A BILL
552,3-Jan-2017,INTRODUCED,Senate,A BILL
2,3-Jan-2017,INTRODUCED,Senate,A BILL
459,3-Jan-2017,INTRODUCED,Senate,A BILL
552,3-Jan-2017,INTRODUCED,Senate,A BILL
142,4-Jan-2017,INTRODUCED,Senate,A BILL
142,4-Jan-2017,INTRODUCED,Senate,A BILL
158,10-Jan-2017,INTRODUCED,Senate,A BILL
339,10-Jan-2017,INTRODUCED,Senate,A BILL
158,10-Jan-2017,INTRODUCED,Senate,A BILL
339,10-Jan-2017,INTRODUCED,Senate,A BILL
380,17-Jan-2017,INTRODUCED,Senate,A BILL
500,17-Jan-2017,INTRODUCED,Senate,A BILL
380,17-Jan-2017,INTRODUCED,Senate,A BILL
500,17-Jan-2017,INTRODUCED,Senate,A BILL
379,23-Jan-2017,INTRODUCED,Senate,A BILL
379,23-Jan-2017,INTRODUCED,Senate,A BILL
437,27-Jan-2017,INTRODUCED,Senate,A BILL
449,27-Jan-2017,INTRODUCED,Senate,A BILL
437,27-Jan-2017,INTRODUCED,Senate,A BILL
449,27-Jan-2017,INTRODUCED,Senate,A BILL
146,1-Feb-2017,INTRODUCED,Senate,A BILL
253,1-Feb-2017,INTRODUCED,Senate,A BILL
307,1-Feb-2017,INTRODUCED,Senate,A BILL
146,1-Feb-2017,INTRODUCED,Senate,A BILL
253,1-Feb-2017,INTRODUCED,Senate,A BILL
307,1-Feb-2017,INTRODUCED,Senate,A BILL
446,2-Feb-2017,INTRODUCED,Senate,A BILL
469,2-Feb-2017,INTRODUCED,Senate,A BILL
446,2-Feb-2017,INTRODUCED,Senate,A BILL
469,2-Feb-2017,INTRODUCED,Senate,A BILL
378,6-Feb-2017,INTRODUCED,Senate,A BILL
378,6-Feb-2017,INTRODUCED,Senate,A BILL
403,7-Feb-2017,INTRODUCED,Senate,A BILL
403,7-Feb-2017,INTRODUCED,Senate,A BILL
20,16-Feb-2017,INTRODUCED,Senate,A BILL
497,16-Feb-2017,INTRODUCED,Senate,A BILL
20,16-Feb-2017,INTRODUCED,Senate,A BILL
497,16-Feb-2017,INTRODUCED,Senate,A BILL
5,27-Feb-2017,INTRODUCED,Senate,A BILL
236,27-Feb-2017,INTRODUCED,Senate,A BILL
5,27-Feb-2017,INTRODUCED,Senate,A BILL
236,27-Feb-2017,INTRODUCED,Senate,A BILL
237,28-Feb-2017,INTRODUCED,Senate,A BILL
237,28-Feb-2017,INTRODUCED,Senate,A BILL
84,7-Mar-2017,INTRODUCED,Senate,A BILL
84,7-Mar-2017,INTRODUCED,Senate,A BILL
285,15-Mar-2017,INTRODUCED,Senate,A BILL
503,15-Mar-2017,INTRODUCED,Senate,A BILL
285,15-Mar-2017,INTRODUCED,Senate,A BILL
503,15-Mar-2017,INTRODUCED,Senate,A BILL
23,16-Mar-2017,INTRODUCED,Senate,A BILL
75,16-Mar-2017,INTRODUCED,Senate,A BILL
23,16-Mar-2017,INTRODUCED,Senate,A BILL
75,16-Mar-2017,INTRODUCED,Senate,A BILL
204,21-Mar-2017,INTRODUCED,Senate,A BILL
404,21-Mar-2017,INTRODUCED,Senate,A BILL
204,21-Mar-2017,INTRODUCED,Senate,A BILL
404,21-Mar-2017,INTRODUCED,Senate,A BILL
387,29-Mar-2017,INTRODUCED,Senate,A BILL
387,29-Mar-2017,INTRODUCED,Senate,A BILL
439,4-Apr-2017,INTRODUCED,Senate,A BILL
451,4-Apr-2017,INTRODUCED,Senate,A BILL
439,4-Apr-2017,INTRODUCED,Senate,A BILL
451,4-Apr-2017,INTRODUCED,Senate,A BILL
272,5-Apr-2017,INTRODUCED,Senate,A BILL
334,5-Apr-2017,INTRODUCED,Senate,A BILL
371,5-Apr-2017,INTRODUCED,Senate,A BILL
272,5-Apr-2017,INTRODUCED,Senate,A BILL
334,5-Apr-2017,INTRODUCED,Senate,A BILL
371,5-Apr-2017,INTRODUCED,Senate,A BILL
181,7-Apr-2017,INTRODUCED,Senate,A BILL
181,7-Apr-2017,INTRODUCED,Senate,A BILL
4,14-Apr-2017,INTRODUCED,Senate,A BILL
82,14-Apr-2017,INTRODUCED,Senate,A BILL
4,14-Apr-2017,INTRODUCED,Senate,A BILL
82,14-Apr-2017,INTRODUCED,Senate,A BILL
181,25-Apr-2017,INTRODUCED,Senate,A BILL
181,25-Apr-2017,INTRODUCED,Senate,A BILL
279,26-Apr-2017,INTRODUCED,Senate,A BILL
315,26-Apr-2017,INTRODUCED,Senate,A BILL
279,26-Apr-2017,INTRODUCED,Senate,A BILL
315,26-Apr-2017,INTRODUCED,Senate,A BILL
116,27-Apr-2017,INTRODUCED,Senate,A BILL
316,27-Apr-2017,INTRODUCED,Senate,A BILL
583,27-Apr-2017,INTRODUCED,Senate,A BILL
116,27-Apr-2017,INTRODUCED,Senate,A BILL
316,27-Apr-2017,INTRODUCED,Senate,A BILL
583,27-Apr-2017,INTRODUCED,Senate,A BILL
24,2-May-2017,INTRODUCED,Senate,A BILL
24,2-May-2017,INTRODUCED,Senate,A BILL
420,3-May-2017,INTRODUCED,Senate,A BILL
420,3-May-2017,INTRODUCED,Senate,A BILL
192,4-May-2017,INTRODUCED,Senate,A BILL
296,4-May-2017,INTRODUCED,Senate,A BILL
192,4-May-2017,INTRODUCED,Senate,A BILL
296,4-May-2017,INTRODUCED,Senate,A BILL
397,18-May-2017,INTRODUCED,Senate,A BILL
537,18-May-2017,INTRODUCED,Senate,A BILL
397,18-May-2017,INTRODUCED,Senate,A BILL
537,18-May-2017,INTRODUCED,Senate,A BILL
355,24-May-2017,INTRODUCED,Senate,A BILL
355,24-May-2017,INTRODUCED,Senate,A BILL
153,25-May-2017,INTRODUCED,Senate,A BILL
320,25-May-2017,INTRODUCED,Senate,A BILL
322,25-May-2017,INTRODUCED,Senate,A BILL
153,25-May-2017,INTRODUCED,Senate,A BILL
320,25-May-2017,INTRODUCED,Senate,A BILL
322,25-May-2017,INTRODUCED,Senate,A BILL
31,8-Jun-2017,INTRODUCED,Senate,A BILL
189,8-Jun-2017,INTRODUCED,Senate,A BILL
31,8-Jun-2017,INTRODUCED,Senate,A BILL
189,8-Jun-2017,INTRODUCED,Senate,A BILL
584,22-Jun-2017,INTRODUCED,Senate,A BILL
584,22-Jun-2017,INTRODUCED,Senate,A BILL
499,23-Jun-2017,INTRODUCED,Senate,A BILL
499,23-Jun-2017,INTRODUCED,Senate,A BILL
349,29-Jun-2017,INTRODUCED,Senate,A BILL
349,29-Jun-2017,INTRODUCED,Senate,A BILL
30,13-Jul-2017,INTRODUCED,Senate,A BILL
30,13-Jul-2017,INTRODUCED,Senate,A BILL
479,26-Jul-2017,INTRODUCED,Senate,A BILL
479,26-Jul-2017,INTRODUCED,Senate,A BILL
182,27-Jul-2017,INTRODUCED,Senate,A BILL
341,27-Jul-2017,INTRODUCED,Senate,A BILL
182,27-Jul-2017,INTRODUCED,Senate,A BILL
341,27-Jul-2017,INTRODUCED,Senate,A BILL
208,28-Jul-2017,INTRODUCED,Senate,A BILL
208,28-Jul-2017,INTRODUCED,Senate,A BILL
416,31-Jul-2017,INTRODUCED,Senate,A BILL
416,31-Jul-2017,INTRODUCED,Senate,A BILL
164,1-Aug-2017,INTRODUCED,Senate,A BILL
164,1-Aug-2017,INTRODUCED,Senate,A BILL
199,18-Aug-2017,INTRODUCED,Senate,A BILL
199,18-Aug-2017,INTRODUCED,Senate,A BILL
40,12-Sep-2017,INTRODUCED,Senate,A BILL
426,12-Sep-2017,INTRODUCED,Senate,A BILL
40,12-Sep-2017,INTRODUCED,Senate,A BILL
426,12-Sep-2017,INTRODUCED,Senate,A BILL
356,13-Sep-2017,INTRODUCED,Senate,A BILL
356,13-Sep-2017,INTRODUCED,Senate,A BILL
487,25-Sep-2017,INTRODUCED,Senate,A BILL
487,25-Sep-2017,INTRODUCED,Senate,A BILL
477,26-Sep-2017,INTRODUCED,Senate,A BILL
477,26-Sep-2017,INTRODUCED,Senate,A BILL
582,27-Sep-2017,INTRODUCED,Senate,A BILL
582,27-Sep-2017,INTRODUCED,Senate,A BILL
231,5-Oct-2017,INTRODUCED,Senate,A BILL
302,5-Oct-2017,INTRODUCED,Senate,A BILL
231,5-Oct-2017,INTRODUCED,Senate,A BILL
302,5-Oct-2017,INTRODUCED,Senate,A BILL
34,11-Oct-2017,INTRODUCED,Senate,A BILL
34,11-Oct-2017,INTRODUCED,Senate,A BILL
83,18-Oct-2017,INTRODUCED,Senate,A BILL
83,18-Oct-2017,INTRODUCED,Senate,A BILL
507,6-Nov-2017,INTRODUCED,Senate,A BILL
507,6-Nov-2017,INTRODUCED,Senate,A BILL
79,7-Nov-2017,INTRODUCED,Senate,A BILL
79,7-Nov-2017,INTRODUCED,Senate,A BILL
346,8-Nov-2017,INTRODUCED,Senate,A BILL
346,8-Nov-2017,INTRODUCED,Senate,A BILL
504,16-Nov-2017,INTRODUCED,Senate,A BILL
504,16-Nov-2017,INTRODUCED,Senate,A BILL
421,29-Nov-2017,INTRODUCED,Senate,A BILL
421,29-Nov-2017,INTRODUCED,Senate,A BILL
513,6-Dec-2017,INTRODUCED,Senate,A BILL
513,6-Dec-2017,INTRODUCED,Senate,A BILL
429,7-Dec-2017,INTRODUCED,Senate,A BILL
513,7-Dec-2017,INTRODUCED,Senate,A BILL
513,7-Dec-2017,INTRODUCED,Senate,A BILL
429,7-Dec-2017,INTRODUCED,Senate,A BILL
513,7-Dec-2017,INTRODUCED,Senate,A BILL
513,7-Dec-2017,INTRODUCED,Senate,A BILL
284,21-Dec-2017,INTRODUCED,Senate,A BILL
284,21-Dec-2017,INTRODUCED,Senate,A BILL
515,16-Jan-2018,INTRODUCED,Senate,A BILL
515,16-Jan-2018,INTRODUCED,Senate,A BILL
344,2-Feb-2018,INTRODUCED,Senate,A BILL
344,2-Feb-2018,INTRODUCED,Senate,A BILL
60,7-Feb-2018,INTRODUCED,Senate,A BILL
373,7-Feb-2018,INTRODUCED,Senate,A BILL
374,7-Feb-2018,INTRODUCED,Senate,A BILL
60,7-Feb-2018,INTRODUCED,Senate,A BILL
373,7-Feb-2018,INTRODUCED,Senate,A BILL
374,7-Feb-2018,INTRODUCED,Senate,A BILL
288,13-Feb-2018,INTRODUCED,Senate,A BILL
288,13-Feb-2018,INTRODUCED,Senate,A BILL
336,1-Mar-2018,INTRODUCED,Senate,A BILL
410,1-Mar-2018,INTRODUCED,Senate,A BILL
336,1-Mar-2018,INTRODUCED,Senate,A BILL
410,1-Mar-2018,INTRODUCED,Senate,A BILL
247,7-Mar-2018,INTRODUCED,Senate,A BILL
247,7-Mar-2018,INTRODUCED,Senate,A BILL
446,12-Mar-2018,INTRODUCED,Senate,A BILL
446,12-Mar-2018,INTRODUCED,Senate,A BILL
446,12-Mar-2018,INTRODUCED,Senate,A BILL
446,12-Mar-2018,INTRODUCED,Senate,A BILL
411,19-Mar-2018,INTRODUCED,Senate,A BILL
411,19-Mar-2018,INTRODUCED,Senate,A BILL
365,21-Mar-2018,INTRODUCED,Senate,A BILL
529,21-Mar-2018,INTRODUCED,Senate,A BILL
365,21-Mar-2018,INTRODUCED,Senate,A BILL
529,21-Mar-2018,INTRODUCED,Senate,A BILL
244,11-Apr-2018,INTRODUCED,Senate,A BILL
244,11-Apr-2018,INTRODUCED,Senate,A BILL
544,13-Apr-2018,INTRODUCED,Senate,A BILL
544,13-Apr-2018,INTRODUCED,Senate,A BILL
450,17-Apr-2018,INTRODUCED,Senate,A BILL
450,17-Apr-2018,INTRODUCED,Senate,A BILL
321,19-Apr-2018,INTRODUCED,Senate,A BILL
321,19-Apr-2018,INTRODUCED,Senate,A BILL
225,25-Apr-2018,INTRODUCED,Senate,A BILL
225,25-Apr-2018,INTRODUCED,Senate,A BILL
62,26-Apr-2018,INTRODUCED,Senate,A BILL
62,26-Apr-2018,INTRODUCED,Senate,A BILL
330,10-May-2018,INTRODUCED,Senate,A BILL
330,10-May-2018,INTRODUCED,Senate,A BILL
415,11-May-2018,INTRODUCED,Senate,A BILL
415,11-May-2018,INTRODUCED,Senate,A BILL
224,15-May-2018,INTRODUCED,Senate,A BILL
226,15-May-2018,INTRODUCED,Senate,A BILL
224,15-May-2018,INTRODUCED,Senate,A BILL
226,15-May-2018,INTRODUCED,Senate,A BILL
291,23-May-2018,INTRODUCED,Senate,A BILL
291,23-May-2018,INTRODUCED,Senate,A BILL
119,1-Jun-2018,INTRODUCED,Senate,A BILL
119,1-Jun-2018,INTRODUCED,Senate,A BILL
447,5-Jun-2018,INTRODUCED,Senate,A BILL
447,5-Jun-2018,INTRODUCED,Senate,A BILL
294,14-Jun-2018,INTRODUCED,Senate,A BILL
294,14-Jun-2018,INTRODUCED,Senate,A BILL
205,18-Jun-2018,INTRODUCED,Senate,A BILL
205,18-Jun-2018,INTRODUCED,Senate,A BILL
300,21-Jun-2018,INTRODUCED,Senate,A BILL
423,21-Jun-2018,INTRODUCED,Senate,A BILL
300,21-Jun-2018,INTRODUCED,Senate,A BILL
423,21-Jun-2018,INTRODUCED,Senate,A BILL
105,28-Jun-2018,INTRODUCED,Senate,A BILL
105,28-Jun-2018,INTRODUCED,Senate,A BILL
299,11-Jul-2018,INTRODUCED,Senate,A BILL
299,11-Jul-2018,INTRODUCED,Senate,A BILL
71,12-Jul-2018,INTRODUCED,Senate,A BILL
71,12-Jul-2018,INTRODUCED,Senate,A BILL
9,16-Jul-2018,INTRODUCED,Senate,A BILL
9,16-Jul-2018,INTRODUCED,Senate,A BILL
472,17-Jul-2018,INTRODUCED,Senate,A BILL
472,17-Jul-2018,INTRODUCED,Senate,A BILL
52,24-Jul-2018,INTRODUCED,Senate,A BILL
77,24-Jul-2018,INTRODUCED,Senate,A BILL
52,24-Jul-2018,INTRODUCED,Senate,A BILL
77,24-Jul-2018,INTRODUCED,Senate,A BILL
102,26-Jul-2018,INTRODUCED,Senate,A BILL
102,26-Jul-2018,INTRODUCED,Senate,A BILL
369,14-Aug-2018,INTRODUCED,Senate,A BILL
369,14-Aug-2018,INTRODUCED,Senate,A BILL
69,12-Sep-2018,INTRODUCED,Senate,A BILL
69,12-Sep-2018,INTRODUCED,Senate,A BILL
37,26-Sep-2018,INTRODUCED,Senate,A BILL
337,26-Sep-2018,INTRODUCED,Senate,A BILL
37,26-Sep-2018,INTRODUCED,Senate,A BILL
337,26-Sep-2018,INTRODUCED,Senate,A BILL
444,27-Sep-2018,INTRODUCED,Senate,A BILL
444,27-Sep-2018,INTRODUCED,Senate,A BILL
475,28-Sep-2018,INTRODUCED,Senate,A BILL
566,28-Sep-2018,INTRODUCED,Senate,A BILL
475,28-Sep-2018,INTRODUCED,Senate,A BILL
566,28-Sep-2018,INTRODUCED,Senate,A BILL
389,16-Oct-2018,INTRODUCED,Senate,A BILL
389,16-Oct-2018,INTRODUCED,Senate,A BILL
348,14-Nov-2018,INTRODUCED,Senate,A BILL
348,14-Nov-2018,INTRODUCED,Senate,A BILL
103,15-Nov-2018,INTRODUCED,Senate,A BILL
531,15-Nov-2018,INTRODUCED,Senate,A BILL
103,15-Nov-2018,INTRODUCED,Senate,A BILL
531,15-Nov-2018,INTRODUCED,Senate,A BILL
531,26-Nov-2018,INTRODUCED,Senate,A BILL
531,26-Nov-2018,INTRODUCED,Senate,A BILL
531,26-Nov-2018,INTRODUCED,Senate,A BILL
531,26-Nov-2018,INTRODUCED,Senate,A BILL
274,27-Nov-2018,INTRODUCED,Senate,A BILL
274,27-Nov-2018,INTRODUCED,Senate,A BILL
302,4-Dec-2018,INTRODUCED,Senate,A BILL
302,4-Dec-2018,INTRODUCED,Senate,A BILL
302,4-Dec-2018,INTRODUCED,Senate,A BILL
302,4-Dec-2018,INTRODUCED,Senate,A BILL
329,11-Dec-2018,INTRODUCED,Senate,A BILL
329,11-Dec-2018,INTRODUCED,Senate,A BILL
273,5-Apr-2021,INTRODUCED,Senate,A BILL
331,5-Apr-2021,INTRODUCED,Senate,A BILL
538,5-Apr-2021,INTRODUCED,Senate,A BILL
273,5-Apr-2021,INTRODUCED,Senate,A BILL
331,5-Apr-2021,INTRODUCED,Senate,A BILL
538,5-Apr-2021,INTRODUCED,Senate,A BILL
463,18-Dec-2018,INTRODUCED,Senate,A BILL
463,18-Dec-2018,INTRODUCED,Senate,A BILL
8,3-Jan-2017,INTRODUCED,House of Representatives,A BILL
56,3-Jan-2017,INTRODUCED,House of Representatives,A BILL
409,3-Jan-2017,INTRODUCED,House of Representatives,A BILL
8,3-Jan-2017,INTRODUCED,House of Representatives,A BILL
56,3-Jan-2017,INTRODUCED,House of Representatives,A BILL
409,3-Jan-2017,INTRODUCED,House of Representatives,A BILL
551,4-Jan-2017,INTRODUCED,House of Representatives,A BILL
551,4-Jan-2017,INTRODUCED,House of Representatives,A BILL
6,5-Jan-2017,INTRODUCED,House of Representatives,A BILL
6,5-Jan-2017,INTRODUCED,House of Representatives,A BILL
454,6-Jan-2017,INTRODUCED,House of Representatives,A BILL
454,6-Jan-2017,INTRODUCED,House of Representatives,A BILL
323,12-Jan-2017,INTRODUCED,House of Representatives,A BILL
359,12-Jan-2017,INTRODUCED,House of Representatives,A BILL
323,12-Jan-2017,INTRODUCED,House of Representatives,A BILL
359,12-Jan-2017,INTRODUCED,House of Representatives,A BILL
394,13-Jan-2017,INTRODUCED,House of Representatives,A BILL
394,13-Jan-2017,INTRODUCED,House of Representatives,A BILL
248,17-Jan-2017,INTRODUCED,House of Representatives,A BILL
248,17-Jan-2017,INTRODUCED,House of Representatives,A BILL
28,24-Jan-2017,INTRODUCED,House of Representatives,A BILL
251,24-Jan-2017,INTRODUCED,House of Representatives,A BILL
254,24-Jan-2017,INTRODUCED,House of Representatives,A BILL
358,24-Jan-2017,INTRODUCED,House of Representatives,A BILL
28,24-Jan-2017,INTRODUCED,House of Representatives,A BILL
251,24-Jan-2017,INTRODUCED,House of Representatives,A BILL
254,24-Jan-2017,INTRODUCED,House of Representatives,A BILL
358,24-Jan-2017,INTRODUCED,House of Representatives,A BILL
57,27-Jan-2017,INTRODUCED,House of Representatives,A BILL
57,27-Jan-2017,INTRODUCED,House of Representatives,A BILL
80,30-Jan-2017,INTRODUCED,House of Representatives,A BILL
118,30-Jan-2017,INTRODUCED,House of Representatives,A BILL
80,30-Jan-2017,INTRODUCED,House of Representatives,A BILL
118,30-Jan-2017,INTRODUCED,House of Representatives,A BILL
470,2-Feb-2017,INTRODUCED,House of Representatives,A BILL
470,2-Feb-2017,INTRODUCED,House of Representatives,A BILL
198,3-Feb-2017,INTRODUCED,House of Representatives,A BILL
207,3-Feb-2017,INTRODUCED,House of Representatives,A BILL
198,3-Feb-2017,INTRODUCED,House of Representatives,A BILL
207,3-Feb-2017,INTRODUCED,House of Representatives,A BILL
267,7-Feb-2017,INTRODUCED,House of Representatives,A BILL
511,7-Feb-2017,INTRODUCED,House of Representatives,A BILL
267,7-Feb-2017,INTRODUCED,House of Representatives,A BILL
511,7-Feb-2017,INTRODUCED,House of Representatives,A BILL
198,10-Feb-2017,INTRODUCED,House of Representatives,A BILL
198,10-Feb-2017,INTRODUCED,House of Representatives,A BILL
357,13-Feb-2017,INTRODUCED,House of Representatives,A BILL
357,13-Feb-2017,INTRODUCED,House of Representatives,A BILL
484,15-Feb-2017,INTRODUCED,House of Representatives,A BILL
484,15-Feb-2017,INTRODUCED,House of Representatives,A BILL
209,16-Feb-2017,INTRODUCED,House of Representatives,A BILL
217,16-Feb-2017,INTRODUCED,House of Representatives,A BILL
306,16-Feb-2017,INTRODUCED,House of Representatives,A BILL
209,16-Feb-2017,INTRODUCED,House of Representatives,A BILL
217,16-Feb-2017,INTRODUCED,House of Representatives,A BILL
306,16-Feb-2017,INTRODUCED,House of Representatives,A BILL
7,27-Feb-2017,INTRODUCED,House of Representatives,A BILL
220,27-Feb-2017,INTRODUCED,House of Representatives,A BILL
230,27-Feb-2017,INTRODUCED,House of Representatives,A BILL
7,27-Feb-2017,INTRODUCED,House of Representatives,A BILL
220,27-Feb-2017,INTRODUCED,House of Representatives,A BILL
230,27-Feb-2017,INTRODUCED,House of Representatives,A BILL
327,2-Mar-2017,INTRODUCED,House of Representatives,A BILL
438,2-Mar-2017,INTRODUCED,House of Representatives,A BILL
327,2-Mar-2017,INTRODUCED,House of Representatives,A BILL
438,2-Mar-2017,INTRODUCED,House of Representatives,A BILL
163,7-Mar-2017,INTRODUCED,House of Representatives,A BILL
271,7-Mar-2017,INTRODUCED,House of Representatives,A BILL
163,7-Mar-2017,INTRODUCED,House of Representatives,A BILL
271,7-Mar-2017,INTRODUCED,House of Representatives,A BILL
29,9-Mar-2017,INTRODUCED,House of Representatives,A BILL
458,9-Mar-2017,INTRODUCED,House of Representatives,A BILL
29,9-Mar-2017,INTRODUCED,House of Representatives,A BILL
458,9-Mar-2017,INTRODUCED,House of Representatives,A BILL
377,13-Mar-2017,INTRODUCED,House of Representatives,A BILL
377,13-Mar-2017,INTRODUCED,House of Representatives,A BILL
186,15-Mar-2017,INTRODUCED,House of Representatives,A BILL
266,15-Mar-2017,INTRODUCED,House of Representatives,A BILL
366,15-Mar-2017,INTRODUCED,House of Representatives,A BILL
186,15-Mar-2017,INTRODUCED,House of Representatives,A BILL
266,15-Mar-2017,INTRODUCED,House of Representatives,A BILL
366,15-Mar-2017,INTRODUCED,House of Representatives,A BILL
326,16-Mar-2017,INTRODUCED,House of Representatives,A BILL
326,16-Mar-2017,INTRODUCED,House of Representatives,A BILL
436,20-Mar-2017,INTRODUCED,House of Representatives,A BILL
436,20-Mar-2017,INTRODUCED,House of Representatives,A BILL
407,22-Mar-2017,INTRODUCED,House of Representatives,A BILL
407,22-Mar-2017,INTRODUCED,House of Representatives,A BILL
282,28-Mar-2017,INTRODUCED,House of Representatives,A BILL
417,28-Mar-2017,INTRODUCED,House of Representatives,A BILL
282,28-Mar-2017,INTRODUCED,House of Representatives,A BILL
417,28-Mar-2017,INTRODUCED,House of Representatives,A BILL
234,29-Mar-2017,INTRODUCED,House of Representatives,A BILL
388,29-Mar-2017,INTRODUCED,House of Representatives,A BILL
539,29-Mar-2017,INTRODUCED,House of Representatives,A BILL
234,29-Mar-2017,INTRODUCED,House of Representatives,A BILL
388,29-Mar-2017,INTRODUCED,House of Representatives,A BILL
539,29-Mar-2017,INTRODUCED,House of Representatives,A BILL
295,30-Mar-2017,INTRODUCED,House of Representatives,A BILL
496,30-Mar-2017,INTRODUCED,House of Representatives,A BILL
295,30-Mar-2017,INTRODUCED,House of Representatives,A BILL
496,30-Mar-2017,INTRODUCED,House of Representatives,A BILL
362,4-Apr-2017,INTRODUCED,House of Representatives,A BILL
440,4-Apr-2017,INTRODUCED,House of Representatives,A BILL
455,4-Apr-2017,INTRODUCED,House of Representatives,A BILL
362,4-Apr-2017,INTRODUCED,House of Representatives,A BILL
440,4-Apr-2017,INTRODUCED,House of Representatives,A BILL
455,4-Apr-2017,INTRODUCED,House of Representatives,A BILL
87,5-Apr-2017,INTRODUCED,House of Representatives,A BILL
376,5-Apr-2017,INTRODUCED,House of Representatives,A BILL
87,5-Apr-2017,INTRODUCED,House of Representatives,A BILL
376,5-Apr-2017,INTRODUCED,House of Representatives,A BILL
317,1-May-2017,INTRODUCED,House of Representatives,A BILL
317,1-May-2017,INTRODUCED,House of Representatives,A BILL
22,2-May-2017,INTRODUCED,House of Representatives,A BILL
22,2-May-2017,INTRODUCED,House of Representatives,A BILL
269,3-May-2017,INTRODUCED,House of Representatives,A BILL
269,3-May-2017,INTRODUCED,House of Representatives,A BILL
211,4-May-2017,INTRODUCED,House of Representatives,A BILL
496,4-May-2017,INTRODUCED,House of Representatives,A BILL
496,4-May-2017,INTRODUCED,House of Representatives,A BILL
496,4-May-2017,INTRODUCED,House of Representatives,A BILL
211,4-May-2017,INTRODUCED,House of Representatives,A BILL
496,4-May-2017,INTRODUCED,House of Representatives,A BILL
496,4-May-2017,INTRODUCED,House of Representatives,A BILL
496,4-May-2017,INTRODUCED,House of Representatives,A BILL
335,11-May-2017,INTRODUCED,House of Representatives,A BILL
335,11-May-2017,INTRODUCED,House of Representatives,A BILL
32,17-May-2017,INTRODUCED,House of Representatives,A BILL
33,17-May-2017,INTRODUCED,House of Representatives,A BILL
442,17-May-2017,INTRODUCED,House of Representatives,A BILL
32,17-May-2017,INTRODUCED,House of Representatives,A BILL
33,17-May-2017,INTRODUCED,House of Representatives,A BILL
442,17-May-2017,INTRODUCED,House of Representatives,A BILL
66,18-May-2017,INTRODUCED,House of Representatives,A BILL
66,18-May-2017,INTRODUCED,House of Representatives,A BILL
148,22-May-2017,INTRODUCED,House of Representatives,A BILL
148,22-May-2017,INTRODUCED,House of Representatives,A BILL
492,24-May-2017,INTRODUCED,House of Representatives,A BILL
492,24-May-2017,INTRODUCED,House of Representatives,A BILL
312,25-May-2017,INTRODUCED,House of Representatives,A BILL
313,25-May-2017,INTRODUCED,House of Representatives,A BILL
312,25-May-2017,INTRODUCED,House of Representatives,A BILL
313,25-May-2017,INTRODUCED,House of Representatives,A BILL
435,26-May-2017,INTRODUCED,House of Representatives,A BILL
435,26-May-2017,INTRODUCED,House of Representatives,A BILL
401,7-Jun-2017,INTRODUCED,House of Representatives,A BILL
401,7-Jun-2017,INTRODUCED,House of Representatives,A BILL
232,8-Jun-2017,INTRODUCED,House of Representatives,A BILL
232,8-Jun-2017,INTRODUCED,House of Representatives,A BILL
54,12-Jun-2017,INTRODUCED,House of Representatives,A BILL
54,12-Jun-2017,INTRODUCED,House of Representatives,A BILL
124,15-Jun-2017,INTRODUCED,House of Representatives,A BILL
124,15-Jun-2017,INTRODUCED,House of Representatives,A BILL
367,20-Jun-2017,INTRODUCED,House of Representatives,A BILL
453,20-Jun-2017,INTRODUCED,House of Representatives,A BILL
367,20-Jun-2017,INTRODUCED,House of Representatives,A BILL
453,20-Jun-2017,INTRODUCED,House of Representatives,A BILL
38,22-Jun-2017,INTRODUCED,House of Representatives,A BILL
441,22-Jun-2017,INTRODUCED,House of Representatives,A BILL
550,22-Jun-2017,INTRODUCED,House of Representatives,A BILL
38,22-Jun-2017,INTRODUCED,House of Representatives,A BILL
441,22-Jun-2017,INTRODUCED,House of Representatives,A BILL
550,22-Jun-2017,INTRODUCED,House of Representatives,A BILL
498,26-Jun-2017,INTRODUCED,House of Representatives,A BILL
498,26-Jun-2017,INTRODUCED,House of Representatives,A BILL
128,29-Jun-2017,INTRODUCED,House of Representatives,A BILL
241,29-Jun-2017,INTRODUCED,House of Representatives,A BILL
547,29-Jun-2017,INTRODUCED,House of Representatives,A BILL
128,29-Jun-2017,INTRODUCED,House of Representatives,A BILL
241,29-Jun-2017,INTRODUCED,House of Representatives,A BILL
547,29-Jun-2017,INTRODUCED,House of Representatives,A BILL
402,14-Jul-2017,INTRODUCED,House of Representatives,A BILL
402,14-Jul-2017,INTRODUCED,House of Representatives,A BILL
36,17-Jul-2017,INTRODUCED,House of Representatives,A BILL
147,17-Jul-2017,INTRODUCED,House of Representatives,A BILL
36,17-Jul-2017,INTRODUCED,House of Representatives,A BILL
147,17-Jul-2017,INTRODUCED,House of Representatives,A BILL
347,19-Jul-2017,INTRODUCED,House of Representatives,A BILL
347,19-Jul-2017,INTRODUCED,House of Representatives,A BILL
3,20-Jul-2017,INTRODUCED,House of Representatives,A BILL
90,20-Jul-2017,INTRODUCED,House of Representatives,A BILL
92,20-Jul-2017,INTRODUCED,House of Representatives,A BILL
3,20-Jul-2017,INTRODUCED,House of Representatives,A BILL
90,20-Jul-2017,INTRODUCED,House of Representatives,A BILL
92,20-Jul-2017,INTRODUCED,House of Representatives,A BILL
546,21-Jul-2017,INTRODUCED,House of Representatives,A BILL
546,21-Jul-2017,INTRODUCED,House of Representatives,A BILL
546,21-Jul-2017,INTRODUCED,House of Representatives,A BILL
546,21-Jul-2017,INTRODUCED,House of Representatives,A BILL
353,25-Jul-2017,INTRODUCED,House of Representatives,A BILL
501,25-Jul-2017,INTRODUCED,House of Representatives,A BILL
506,25-Jul-2017,INTRODUCED,House of Representatives,A BILL
353,25-Jul-2017,INTRODUCED,House of Representatives,A BILL
501,25-Jul-2017,INTRODUCED,House of Representatives,A BILL
506,25-Jul-2017,INTRODUCED,House of Representatives,A BILL
27,27-Jul-2017,INTRODUCED,House of Representatives,A BILL
107,27-Jul-2017,INTRODUCED,House of Representatives,A BILL
382,27-Jul-2017,INTRODUCED,House of Representatives,A BILL
509,27-Jul-2017,INTRODUCED,House of Representatives,A BILL
549,27-Jul-2017,INTRODUCED,House of Representatives,A BILL
549,27-Jul-2017,INTRODUCED,House of Representatives,A BILL
27,27-Jul-2017,INTRODUCED,House of Representatives,A BILL
107,27-Jul-2017,INTRODUCED,House of Representatives,A BILL
382,27-Jul-2017,INTRODUCED,House of Representatives,A BILL
509,27-Jul-2017,INTRODUCED,House of Representatives,A BILL
549,27-Jul-2017,INTRODUCED,House of Representatives,A BILL
549,27-Jul-2017,INTRODUCED,House of Representatives,A BILL
579,28-Jul-2017,INTRODUCED,House of Representatives,A BILL
579,28-Jul-2017,INTRODUCED,House of Representatives,A BILL
128,1-Aug-2017,INTRODUCED,House of Representatives,A BILL
165,1-Aug-2017,INTRODUCED,House of Representatives,A BILL
401,1-Aug-2017,INTRODUCED,House of Representatives,A BILL
401,1-Aug-2017,INTRODUCED,House of Representatives,A BILL
128,1-Aug-2017,INTRODUCED,House of Representatives,A BILL
165,1-Aug-2017,INTRODUCED,House of Representatives,A BILL
401,1-Aug-2017,INTRODUCED,House of Representatives,A BILL
401,1-Aug-2017,INTRODUCED,House of Representatives,A BILL
92,2-Aug-2017,INTRODUCED,House of Representatives,A BILL
92,2-Aug-2017,INTRODUCED,House of Representatives,A BILL
502,1-Sep-2017,INTRODUCED,House of Representatives,A BILL
502,1-Sep-2017,INTRODUCED,House of Representatives,A BILL
134,5-Sep-2017,INTRODUCED,House of Representatives,A BILL
134,5-Sep-2017,INTRODUCED,House of Representatives,A BILL
506,6-Sep-2017,INTRODUCED,House of Representatives,A BILL
506,6-Sep-2017,INTRODUCED,House of Representatives,A BILL
506,6-Sep-2017,INTRODUCED,House of Representatives,A BILL
506,6-Sep-2017,INTRODUCED,House of Representatives,A BILL
48,8-Sep-2017,INTRODUCED,House of Representatives,A BILL
324,8-Sep-2017,INTRODUCED,House of Representatives,A BILL
48,8-Sep-2017,INTRODUCED,House of Representatives,A BILL
324,8-Sep-2017,INTRODUCED,House of Representatives,A BILL
406,14-Sep-2017,INTRODUCED,House of Representatives,A BILL
406,14-Sep-2017,INTRODUCED,House of Representatives,A BILL
230,25-Sep-2017,INTRODUCED,House of Representatives,A BILL
230,25-Sep-2017,INTRODUCED,House of Representatives,A BILL
230,25-Sep-2017,INTRODUCED,House of Representatives,A BILL
434,25-Sep-2017,INTRODUCED,House of Representatives,A BILL
465,25-Sep-2017,INTRODUCED,House of Representatives,A BILL
465,25-Sep-2017,INTRODUCED,House of Representatives,A BILL
230,25-Sep-2017,INTRODUCED,House of Representatives,A BILL
230,25-Sep-2017,INTRODUCED,House of Representatives,A BILL
230,25-Sep-2017,INTRODUCED,House of Representatives,A BILL
434,25-Sep-2017,INTRODUCED,House of Representatives,A BILL
465,25-Sep-2017,INTRODUCED,House of Representatives,A BILL
465,25-Sep-2017,INTRODUCED,House of Representatives,A BILL
263,26-Sep-2017,INTRODUCED,House of Representatives,A BILL
263,26-Sep-2017,INTRODUCED,House of Representatives,A BILL
343,4-Oct-2017,INTRODUCED,House of Representatives,A BILL
345,4-Oct-2017,INTRODUCED,House of Representatives,A BILL
532,4-Oct-2017,INTRODUCED,House of Representatives,A BILL
343,4-Oct-2017,INTRODUCED,House of Representatives,A BILL
345,4-Oct-2017,INTRODUCED,House of Representatives,A BILL
532,4-Oct-2017,INTRODUCED,House of Representatives,A BILL
514,5-Oct-2017,INTRODUCED,House of Representatives,A BILL
514,5-Oct-2017,INTRODUCED,House of Representatives,A BILL
88,12-Oct-2017,INTRODUCED,House of Representatives,A BILL
88,12-Oct-2017,INTRODUCED,House of Representatives,A BILL
45,23-Oct-2017,INTRODUCED,House of Representatives,A BILL
45,23-Oct-2017,INTRODUCED,House of Representatives,A BILL
73,24-Oct-2017,INTRODUCED,House of Representatives,A BILL
78,24-Oct-2017,INTRODUCED,House of Representatives,A BILL
73,24-Oct-2017,INTRODUCED,House of Representatives,A BILL
78,24-Oct-2017,INTRODUCED,House of Representatives,A BILL
278,25-Oct-2017,INTRODUCED,House of Representatives,A BILL
364,25-Oct-2017,INTRODUCED,House of Representatives,A BILL
278,25-Oct-2017,INTRODUCED,House of Representatives,A BILL
364,25-Oct-2017,INTRODUCED,House of Representatives,A BILL
290,26-Oct-2017,INTRODUCED,House of Representatives,A BILL
290,26-Oct-2017,INTRODUCED,House of Representatives,A BILL
277,31-Oct-2017,INTRODUCED,House of Representatives,A BILL
277,31-Oct-2017,INTRODUCED,House of Representatives,A BILL
424,6-Nov-2017,INTRODUCED,House of Representatives,A BILL
424,6-Nov-2017,INTRODUCED,House of Representatives,A BILL
393,15-Nov-2017,INTRODUCED,House of Representatives,A BILL
393,15-Nov-2017,INTRODUCED,House of Representatives,A BILL
352,16-Nov-2017,INTRODUCED,House of Representatives,A BILL
381,16-Nov-2017,INTRODUCED,House of Representatives,A BILL
352,16-Nov-2017,INTRODUCED,House of Representatives,A BILL
381,16-Nov-2017,INTRODUCED,House of Representatives,A BILL
308,28-Nov-2017,INTRODUCED,House of Representatives,A BILL
308,28-Nov-2017,INTRODUCED,House of Representatives,A BILL
309,29-Nov-2017,INTRODUCED,House of Representatives,A BILL
428,29-Nov-2017,INTRODUCED,House of Representatives,A BILL
309,29-Nov-2017,INTRODUCED,House of Representatives,A BILL
428,29-Nov-2017,INTRODUCED,House of Representatives,A BILL
44,1-Dec-2017,INTRODUCED,House of Representatives,A BILL
44,1-Dec-2017,INTRODUCED,House of Representatives,A BILL
26,6-Dec-2017,INTRODUCED,House of Representatives,A BILL
314,6-Dec-2017,INTRODUCED,House of Representatives,A BILL
26,6-Dec-2017,INTRODUCED,House of Representatives,A BILL
314,6-Dec-2017,INTRODUCED,House of Representatives,A BILL
448,14-Dec-2017,INTRODUCED,House of Representatives,A BILL
448,14-Dec-2017,INTRODUCED,House of Representatives,A BILL
55,19-Dec-2017,INTRODUCED,House of Representatives,A BILL
55,19-Dec-2017,INTRODUCED,House of Representatives,A BILL
258,3-Jan-2018,INTRODUCED,House of Representatives,A BILL
258,3-Jan-2018,INTRODUCED,House of Representatives,A BILL
96,18-Jan-2018,INTRODUCED,House of Representatives,A BILL
96,18-Jan-2018,INTRODUCED,House of Representatives,A BILL
152,25-Jan-2018,INTRODUCED,House of Representatives,A BILL
152,25-Jan-2018,INTRODUCED,House of Representatives,A BILL
293,30-Jan-2018,INTRODUCED,House of Representatives,A BILL
293,30-Jan-2018,INTRODUCED,House of Representatives,A BILL
81,5-Feb-2018,INTRODUCED,House of Representatives,A BILL
81,5-Feb-2018,INTRODUCED,House of Representatives,A BILL
492,6-Feb-2018,INTRODUCED,House of Representatives,A BILL
492,6-Feb-2018,INTRODUCED,House of Representatives,A BILL
492,6-Feb-2018,INTRODUCED,House of Representatives,A BILL
492,6-Feb-2018,INTRODUCED,House of Representatives,A BILL
289,8-Feb-2018,INTRODUCED,House of Representatives,A BILL
289,8-Feb-2018,INTRODUCED,House of Representatives,A BILL
177,12-Feb-2018,INTRODUCED,House of Representatives,A BILL
177,12-Feb-2018,INTRODUCED,House of Representatives,A BILL
270,13-Feb-2018,INTRODUCED,House of Representatives,A BILL
281,13-Feb-2018,INTRODUCED,House of Representatives,A BILL
270,13-Feb-2018,INTRODUCED,House of Representatives,A BILL
281,13-Feb-2018,INTRODUCED,House of Representatives,A BILL
443,14-Feb-2018,INTRODUCED,House of Representatives,A BILL
443,14-Feb-2018,INTRODUCED,House of Representatives,A BILL
203,15-Feb-2018,INTRODUCED,House of Representatives,A BILL
203,15-Feb-2018,INTRODUCED,House of Representatives,A BILL
106,27-Feb-2018,INTRODUCED,House of Representatives,A BILL
191,27-Feb-2018,INTRODUCED,House of Representatives,A BILL
265,27-Feb-2018,INTRODUCED,House of Representatives,A BILL
106,27-Feb-2018,INTRODUCED,House of Representatives,A BILL
191,27-Feb-2018,INTRODUCED,House of Representatives,A BILL
265,27-Feb-2018,INTRODUCED,House of Representatives,A BILL
281,28-Feb-2018,INTRODUCED,House of Representatives,A BILL
281,28-Feb-2018,INTRODUCED,House of Representatives,A BILL
510,5-Mar-2018,INTRODUCED,House of Representatives,A BILL
510,5-Mar-2018,INTRODUCED,House of Representatives,A BILL
74,7-Mar-2018,INTRODUCED,House of Representatives,A BILL
74,7-Mar-2018,INTRODUCED,House of Representatives,A BILL
418,20-Mar-2018,INTRODUCED,House of Representatives,A BILL
418,20-Mar-2018,INTRODUCED,House of Representatives,A BILL
370,21-Mar-2018,INTRODUCED,House of Representatives,A BILL
370,21-Mar-2018,INTRODUCED,House of Representatives,A BILL
227,22-Mar-2018,INTRODUCED,House of Representatives,A BILL
405,22-Mar-2018,INTRODUCED,House of Representatives,A BILL
408,22-Mar-2018,INTRODUCED,House of Representatives,A BILL
227,22-Mar-2018,INTRODUCED,House of Representatives,A BILL
405,22-Mar-2018,INTRODUCED,House of Representatives,A BILL
408,22-Mar-2018,INTRODUCED,House of Representatives,A BILL
104,12-Apr-2018,INTRODUCED,House of Representatives,A BILL
104,12-Apr-2018,INTRODUCED,House of Representatives,A BILL
223,13-Apr-2018,INTRODUCED,House of Representatives,A BILL
223,13-Apr-2018,INTRODUCED,House of Representatives,A BILL
520,17-Apr-2018,INTRODUCED,House of Representatives,A BILL
520,17-Apr-2018,INTRODUCED,House of Representatives,A BILL
466,18-Apr-2018,INTRODUCED,House of Representatives,A BILL
466,18-Apr-2018,INTRODUCED,House of Representatives,A BILL
478,19-Apr-2018,INTRODUCED,House of Representatives,A BILL
478,19-Apr-2018,INTRODUCED,House of Representatives,A BILL
489,24-Apr-2018,INTRODUCED,House of Representatives,A BILL
489,24-Apr-2018,INTRODUCED,House of Representatives,A BILL
65,26-Apr-2018,INTRODUCED,House of Representatives,A BILL
65,26-Apr-2018,INTRODUCED,House of Representatives,A BILL
527,7-May-2018,INTRODUCED,House of Representatives,A BILL
527,7-May-2018,INTRODUCED,House of Representatives,A BILL
383,8-May-2018,INTRODUCED,House of Representatives,A BILL
383,8-May-2018,INTRODUCED,House of Representatives,A BILL
467,18-May-2018,INTRODUCED,House of Representatives,A BILL
467,18-May-2018,INTRODUCED,House of Representatives,A BILL
468,21-May-2018,INTRODUCED,House of Representatives,A BILL
468,21-May-2018,INTRODUCED,House of Representatives,A BILL
41,23-May-2018,INTRODUCED,House of Representatives,A BILL
43,23-May-2018,INTRODUCED,House of Representatives,A BILL
523,23-May-2018,INTRODUCED,House of Representatives,A BILL
41,23-May-2018,INTRODUCED,House of Representatives,A BILL
43,23-May-2018,INTRODUCED,House of Representatives,A BILL
523,23-May-2018,INTRODUCED,House of Representatives,A BILL
338,24-May-2018,INTRODUCED,House of Representatives,A BILL
360,24-May-2018,INTRODUCED,House of Representatives,A BILL
338,24-May-2018,INTRODUCED,House of Representatives,A BILL
360,24-May-2018,INTRODUCED,House of Representatives,A BILL
372,4-Jun-2018,INTRODUCED,House of Representatives,A BILL
372,4-Jun-2018,INTRODUCED,House of Representatives,A BILL
117,7-Jun-2018,INTRODUCED,House of Representatives,A BILL
536,7-Jun-2018,INTRODUCED,House of Representatives,A BILL
536,7-Jun-2018,INTRODUCED,House of Representatives,A BILL
117,7-Jun-2018,INTRODUCED,House of Representatives,A BILL
536,7-Jun-2018,INTRODUCED,House of Representatives,A BILL
536,7-Jun-2018,INTRODUCED,House of Representatives,A BILL
157,13-Jun-2018,INTRODUCED,House of Representatives,A BILL
157,13-Jun-2018,INTRODUCED,House of Representatives,A BILL
170,14-Jun-2018,INTRODUCED,House of Representatives,A BILL
185,14-Jun-2018,INTRODUCED,House of Representatives,A BILL
170,14-Jun-2018,INTRODUCED,House of Representatives,A BILL
185,14-Jun-2018,INTRODUCED,House of Representatives,A BILL
221,19-Jun-2018,INTRODUCED,House of Representatives,A BILL
221,19-Jun-2018,INTRODUCED,House of Representatives,A BILL
86,20-Jun-2018,INTRODUCED,House of Representatives,A BILL
188,20-Jun-2018,INTRODUCED,House of Representatives,A BILL
86,20-Jun-2018,INTRODUCED,House of Representatives,A BILL
188,20-Jun-2018,INTRODUCED,House of Representatives,A BILL
422,21-Jun-2018,INTRODUCED,House of Representatives,A BILL
422,21-Jun-2018,INTRODUCED,House of Representatives,A BILL
528,22-Jun-2018,INTRODUCED,House of Representatives,A BILL
528,22-Jun-2018,INTRODUCED,House of Representatives,A BILL
72,25-Jun-2018,INTRODUCED,House of Representatives,A BILL
578,25-Jun-2018,INTRODUCED,House of Representatives,A BILL
72,25-Jun-2018,INTRODUCED,House of Representatives,A BILL
578,25-Jun-2018,INTRODUCED,House of Representatives,A BILL
578,26-Jun-2018,INTRODUCED,House of Representatives,A BILL
578,26-Jun-2018,INTRODUCED,House of Representatives,A BILL
578,26-Jun-2018,INTRODUCED,House of Representatives,A BILL
578,26-Jun-2018,INTRODUCED,House of Representatives,A BILL
519,27-Jun-2018,INTRODUCED,House of Representatives,A BILL
519,27-Jun-2018,INTRODUCED,House of Representatives,A BILL
519,27-Jun-2018,INTRODUCED,House of Representatives,A BILL
519,27-Jun-2018,INTRODUCED,House of Representatives,A BILL
101,28-Jun-2018,INTRODUCED,House of Representatives,A BILL
239,28-Jun-2018,INTRODUCED,House of Representatives,A BILL
250,28-Jun-2018,INTRODUCED,House of Representatives,A BILL
561,28-Jun-2018,INTRODUCED,House of Representatives,A BILL
561,28-Jun-2018,INTRODUCED,House of Representatives,A BILL
101,28-Jun-2018,INTRODUCED,House of Representatives,A BILL
239,28-Jun-2018,INTRODUCED,House of Representatives,A BILL
250,28-Jun-2018,INTRODUCED,House of Representatives,A BILL
561,28-Jun-2018,INTRODUCED,House of Representatives,A BILL
561,28-Jun-2018,INTRODUCED,House of Representatives,A BILL
262,11-Jul-2018,INTRODUCED,House of Representatives,A BILL
262,11-Jul-2018,INTRODUCED,House of Representatives,A BILL
311,13-Jul-2018,INTRODUCED,House of Representatives,A BILL
311,13-Jul-2018,INTRODUCED,House of Representatives,A BILL
264,16-Jul-2018,INTRODUCED,House of Representatives,A BILL
264,16-Jul-2018,INTRODUCED,House of Representatives,A BILL
133,18-Jul-2018,INTRODUCED,House of Representatives,A BILL
340,18-Jul-2018,INTRODUCED,House of Representatives,A BILL
133,18-Jul-2018,INTRODUCED,House of Representatives,A BILL
340,18-Jul-2018,INTRODUCED,House of Representatives,A BILL
194,19-Jul-2018,INTRODUCED,House of Representatives,A BILL
508,19-Jul-2018,INTRODUCED,House of Representatives,A BILL
194,19-Jul-2018,INTRODUCED,House of Representatives,A BILL
508,19-Jul-2018,INTRODUCED,House of Representatives,A BILL
21,25-Jul-2018,INTRODUCED,House of Representatives,A BILL
21,25-Jul-2018,INTRODUCED,House of Representatives,A BILL
328,26-Jul-2018,INTRODUCED,House of Representatives,A BILL
419,26-Jul-2018,INTRODUCED,House of Representatives,A BILL
471,26-Jul-2018,INTRODUCED,House of Representatives,A BILL
328,26-Jul-2018,INTRODUCED,House of Representatives,A BILL
419,26-Jul-2018,INTRODUCED,House of Representatives,A BILL
471,26-Jul-2018,INTRODUCED,House of Representatives,A BILL
476,1-Aug-2018,INTRODUCED,House of Representatives,A BILL
476,1-Aug-2018,INTRODUCED,House of Representatives,A BILL
333,10-Aug-2018,INTRODUCED,House of Representatives,A BILL
333,10-Aug-2018,INTRODUCED,House of Representatives,A BILL
297,22-Aug-2018,INTRODUCED,House of Representatives,A BILL
297,22-Aug-2018,INTRODUCED,House of Representatives,A BILL
368,24-Aug-2018,INTRODUCED,House of Representatives,A BILL
368,24-Aug-2018,INTRODUCED,House of Representatives,A BILL
311,4-Sep-2018,INTRODUCED,House of Representatives,A BILL
311,4-Sep-2018,INTRODUCED,House of Representatives,A BILL
311,4-Sep-2018,INTRODUCED,House of Representatives,A BILL
311,4-Sep-2018,INTRODUCED,House of Representatives,A BILL
42,5-Sep-2018,INTRODUCED,House of Representatives,A BILL
42,5-Sep-2018,INTRODUCED,House of Representatives,A BILL
93,10-Sep-2018,INTRODUCED,House of Representatives,A BILL
93,10-Sep-2018,INTRODUCED,House of Representatives,A BILL
133,12-Sep-2018,INTRODUCED,House of Representatives,A BILL
517,12-Sep-2018,INTRODUCED,House of Representatives,A BILL
517,12-Sep-2018,INTRODUCED,House of Representatives,A BILL
133,12-Sep-2018,INTRODUCED,House of Representatives,A BILL
517,12-Sep-2018,INTRODUCED,House of Representatives,A BILL
517,12-Sep-2018,INTRODUCED,House of Representatives,A BILL
222,13-Sep-2018,INTRODUCED,House of Representatives,A BILL
222,13-Sep-2018,INTRODUCED,House of Representatives,A BILL
488,18-Sep-2018,INTRODUCED,House of Representatives,A BILL
488,18-Sep-2018,INTRODUCED,House of Representatives,A BILL
452,25-Sep-2018,INTRODUCED,House of Representatives,A BILL
452,25-Sep-2018,INTRODUCED,House of Representatives,A BILL
298,26-Sep-2018,INTRODUCED,House of Representatives,A BILL
298,26-Sep-2018,INTRODUCED,House of Representatives,A BILL
568,28-Sep-2018,INTRODUCED,House of Representatives,A BILL
568,28-Sep-2018,INTRODUCED,House of Representatives,A BILL
268,5-Oct-2018,INTRODUCED,House of Representatives,A BILL
325,5-Oct-2018,INTRODUCED,House of Representatives,A BILL
268,5-Oct-2018,INTRODUCED,House of Representatives,A BILL
325,5-Oct-2018,INTRODUCED,House of Representatives,A BILL
375,11-Oct-2018,INTRODUCED,House of Representatives,A BILL
375,11-Oct-2018,INTRODUCED,House of Representatives,A BILL
195,30-Oct-2018,INTRODUCED,House of Representatives,A BILL
195,30-Oct-2018,INTRODUCED,House of Representatives,A BILL
211,9-Nov-2018,INTRODUCED,House of Representatives,A BILL
211,9-Nov-2018,INTRODUCED,House of Representatives,A BILL
211,9-Nov-2018,INTRODUCED,House of Representatives,A BILL
211,9-Nov-2018,INTRODUCED,House of Representatives,A BILL
430,14-Nov-2018,INTRODUCED,House of Representatives,A BILL
430,14-Nov-2018,INTRODUCED,House of Representatives,A BILL
363,16-Nov-2018,INTRODUCED,House of Representatives,A BILL
363,16-Nov-2018,INTRODUCED,House of Representatives,A BILL
1,28-Nov-2018,INTRODUCED,House of Representatives,A BILL
1,28-Nov-2018,INTRODUCED,House of Representatives,A BILL
259,3-Dec-2018,INTRODUCED,House of Representatives,A BILL
259,3-Dec-2018,INTRODUCED,House of Representatives,A BILL
228,17-Dec-2018,INTRODUCED,House of Representatives,A BILL
228,17-Dec-2018,INTRODUCED,House of Representatives,A BILL
70,19-Dec-2018,INTRODUCED,House of Representatives,A BILL
276,19-Dec-2018,INTRODUCED,House of Representatives,A BILL
427,19-Dec-2018,INTRODUCED,House of Representatives,A BILL
70,19-Dec-2018,INTRODUCED,House of Representatives,A BILL
276,19-Dec-2018,INTRODUCED,House of Representatives,A BILL
427,19-Dec-2018,INTRODUCED,House of Representatives,A BILL
275,7-Feb-2021,INTRODUCED,House of Representatives,A BILL
275,7-Feb-2021,INTRODUCED,House of Representatives,A BILL
460,5-Apr-2021,INTRODUCED,House of Representatives,A BILL
465,5-Apr-2021,INTRODUCED,House of Representatives,A BILL
460,5-Apr-2021,INTRODUCED,House of Representatives,A BILL
465,5-Apr-2021,INTRODUCED,House of Representatives,A BILL
483,1-Oct-2021,INTRODUCED,House of Representatives,A BILL
483,1-Oct-2021,INTRODUCED,House of Representatives,A BILL
483,2-Oct-2021,INTRODUCED,House of Representatives,A BILL
483,2-Oct-2021,INTRODUCED,House of Representatives,A BILL
483,2-Oct-2021,INTRODUCED,House of Representatives,A BILL
483,2-Oct-2021,INTRODUCED,House of Representatives,A BILL
342,3-Oct-2021,INTRODUCED,House of Representatives,A BILL
342,3-Oct-2021,INTRODUCED,House of Representatives,A BILL
574,23-Aug-2018,INTRODUCED,House of Representatives,A BILL
574,23-Aug-2018,INTRODUCED,House of Representatives,A BILL
512,9-Feb-2017,PLACED_ON_CALENDAR,House of Representatives,A BILL
512,9-Feb-2017,PLACED_ON_CALENDAR,House of Representatives,A BILL
491,24-May-2017,PLACED_ON_CALENDAR,House of Representatives,AN ACT
491,24-May-2017,PLACED_ON_CALENDAR,House of Representatives,AN ACT
588,7-Jun-2017,PLACED_ON_CALENDAR,House of Representatives,AN ACT
588,7-Jun-2017,PLACED_ON_CALENDAR,House of Representatives,AN ACT
588,6-Jul-2017,PLACED_ON_CALENDAR,House of Representatives,AN ACT
588,6-Jul-2017,PLACED_ON_CALENDAR,House of Representatives,AN ACT
588,6-Jul-2017,PLACED_ON_CALENDAR,House of Representatives,AN ACT
588,6-Jul-2017,PLACED_ON_CALENDAR,House of Representatives,AN ACT
461,14-Sep-2017,PLACED_ON_CALENDAR,House of Representatives,A BILL
461,14-Sep-2017,PLACED_ON_CALENDAR,House of Representatives,A BILL
535,16-Oct-2017,PLACED_ON_CALENDAR,House of Representatives,A BILL
535,16-Oct-2017,PLACED_ON_CALENDAR,House of Representatives,A BILL
586,6-Feb-2018,PLACED_ON_CALENDAR,House of Representatives,A BILL
586,6-Feb-2018,PLACED_ON_CALENDAR,House of Representatives,A BILL
559,16-Apr-2018,PLACED_ON_CALENDAR,House of Representatives,AN ACT
559,16-Apr-2018,PLACED_ON_CALENDAR,House of Representatives,AN ACT
559,7-May-2018,PLACED_ON_CALENDAR,House of Representatives,AN ACT
559,7-May-2018,PLACED_ON_CALENDAR,House of Representatives,AN ACT
560,7-May-2018,PLACED_ON_CALENDAR,House of Representatives,A BILL
559,7-May-2018,PLACED_ON_CALENDAR,House of Representatives,AN ACT
559,7-May-2018,PLACED_ON_CALENDAR,House of Representatives,AN ACT
560,7-May-2018,PLACED_ON_CALENDAR,House of Representatives,A BILL
560,8-May-2018,PLACED_ON_CALENDAR,House of Representatives,A BILL
560,8-May-2018,PLACED_ON_CALENDAR,House of Representatives,A BILL
560,8-May-2018,PLACED_ON_CALENDAR,House of Representatives,A BILL
560,8-May-2018,PLACED_ON_CALENDAR,House of Representatives,A BILL
518,16-May-2018,PLACED_ON_CALENDAR,House of Representatives,AN ACT
518,16-May-2018,PLACED_ON_CALENDAR,House of Representatives,AN ACT
548,26-Jul-2018,PLACED_ON_CALENDAR,House of Representatives,A BILL
548,26-Jul-2018,PLACED_ON_CALENDAR,House of Representatives,A BILL
530,11-Oct-2018,PLACED_ON_CALENDAR,House of Representatives,A BILL
530,11-Oct-2018,PLACED_ON_CALENDAR,House of Representatives,A BILL
482,11-Dec-2018,PLACED_ON_CALENDAR,House of Representatives,AN ACT
482,11-Dec-2018,PLACED_ON_CALENDAR,House of Representatives,AN ACT
570,17-Sep-2018,PLACED_ON_CALENDAR,House of Representatives,A BILL
570,17-Sep-2018,PLACED_ON_CALENDAR,House of Representatives,A BILL
541,12-Jun-2018,RECEIVED,Senate,AN ACT
541,12-Jun-2018,RECEIVED,Senate,AN ACT
541,12-Jun-2018,RECEIVED,Senate,AN ACT
541,12-Jun-2018,RECEIVED,Senate,AN ACT
490,12-Oct-2018,RECEIVED,Senate,AN ACT
490,12-Oct-2018,RECEIVED,Senate,AN ACT
167,5-Jan-2017,REFERRED,Senate,AN ACT
167,5-Jan-2017,REFERRED,Senate,AN ACT
412,15-May-2017,REFERRED,Senate,AN ACT
412,15-May-2017,REFERRED,Senate,AN ACT
303,25-May-2017,REFERRED,Senate,AN ACT
303,25-May-2017,REFERRED,Senate,AN ACT
354,8-Jun-2017,REFERRED,Senate,AN ACT
354,8-Jun-2017,REFERRED,Senate,AN ACT
252,20-Feb-2018,REFERRED,Senate,AN ACT
252,20-Feb-2018,REFERRED,Senate,AN ACT
156,11-Apr-2018,REFERRED,Senate,AN ACT
156,11-Apr-2018,REFERRED,Senate,AN ACT
255,13-Jan-2017,REFERRED,House of Representatives,AN ACT
255,13-Jan-2017,REFERRED,House of Representatives,AN ACT
14,27-Feb-2017,REFERRED,House of Representatives,AN ACT
14,27-Feb-2017,REFERRED,House of Representatives,AN ACT
425,16-May-2017,REFERRED,House of Representatives,AN ACT
425,16-May-2017,REFERRED,House of Representatives,AN ACT
390,11-Oct-2018,REFERRED,House of Representatives,AN ACT
390,11-Oct-2018,REFERRED,House of Representatives,AN ACT
399,21-Mar-2017,REPORTED,Senate,A BILL
399,21-Mar-2017,REPORTED,Senate,A BILL
400,11-May-2017,REPORTED,Senate,A BILL
400,11-May-2017,REPORTED,Senate,A BILL
445,22-Jun-2017,REPORTED,Senate,A BILL
445,22-Jun-2017,REPORTED,Senate,A BILL
399,28-Jun-2017,REPORTED,Senate,A BILL
399,28-Jun-2017,REPORTED,Senate,A BILL
399,28-Jun-2017,REPORTED,Senate,A BILL
399,28-Jun-2017,REPORTED,Senate,A BILL
464,14-Sep-2017,REPORTED,Senate,A BILL
464,14-Sep-2017,REPORTED,Senate,A BILL
301,5-Oct-2017,REPORTED,Senate,A BILL
301,5-Oct-2017,REPORTED,Senate,A BILL
575,1-Dec-2017,REPORTED,Senate,A BILL
575,1-Dec-2017,REPORTED,Senate,A BILL
120,10-May-2018,REPORTED,Senate,AN ACT
120,10-May-2018,REPORTED,Senate,AN ACT
144,15-May-2018,REPORTED,Senate,AN ACT
144,15-May-2018,REPORTED,Senate,AN ACT
589,4-Jun-2018,REPORTED,Senate,AN ACT
589,4-Jun-2018,REPORTED,Senate,AN ACT
589,5-Jun-2018,REPORTED,Senate,AN ACT
589,5-Jun-2018,REPORTED,Senate,AN ACT
589,5-Jun-2018,REPORTED,Senate,AN ACT
589,5-Jun-2018,REPORTED,Senate,AN ACT
400,9-Jul-2018,REPORTED,Senate,A BILL
400,9-Jul-2018,REPORTED,Senate,A BILL
400,9-Jul-2018,REPORTED,Senate,A BILL
400,9-Jul-2018,REPORTED,Senate,A BILL
398,17-Jul-2018,REPORTED,Senate,A BILL
398,17-Jul-2018,REPORTED,Senate,A BILL
505,7-Feb-2021,REPORTED,Senate,A BILL
505,7-Feb-2021,REPORTED,Senate,A BILL
310,3-Jan-2017,REPORTED,House of Representatives,A BILL
310,3-Jan-2017,REPORTED,House of Representatives,A BILL
210,24-Jan-2017,REPORTED,House of Representatives,A BILL
210,24-Jan-2017,REPORTED,House of Representatives,A BILL
495,16-Feb-2017,REPORTED,House of Representatives,A BILL
495,16-Feb-2017,REPORTED,House of Representatives,A BILL
229,27-Feb-2017,REPORTED,House of Representatives,A BILL
229,27-Feb-2017,REPORTED,House of Representatives,A BILL
540,28-Mar-2017,REPORTED,House of Representatives,A BILL
540,28-Mar-2017,REPORTED,House of Representatives,A BILL
571,7-Sep-2017,REPORTED,House of Representatives,A BILL
571,7-Sep-2017,REPORTED,House of Representatives,A BILL
587,7-Sep-2017,REPORTED,House of Representatives,A BILL
587,7-Sep-2017,REPORTED,House of Representatives,A BILL
571,7-Sep-2017,REPORTED,House of Representatives,A BILL
571,7-Sep-2017,REPORTED,House of Representatives,A BILL
587,7-Sep-2017,REPORTED,House of Representatives,A BILL
587,7-Sep-2017,REPORTED,House of Representatives,A BILL
516,5-Feb-2018,REPORTED,House of Representatives,A BILL
516,5-Feb-2018,REPORTED,House of Representatives,A BILL
524,7-May-2018,REPORTED,House of Representatives,A BILL
524,7-May-2018,REPORTED,House of Representatives,A BILL
563,23-Jul-2018,REPORTED,House of Representatives,A BILL
563,23-Jul-2018,REPORTED,House of Representatives,A BILL
563,23-Jul-2018,REPORTED,House of Representatives,A BILL
563,23-Jul-2018,REPORTED,House of Representatives,A BILL
545,23-Aug-2018,REPORTED,House of Representatives,A BILL
545,23-Aug-2018,REPORTED,House of Representatives,A BILL
431,13-Sep-2018,REPORTED,House of Representatives,A BILL
431,13-Sep-2018,REPORTED,House of Representatives,A BILL
556,26-Sep-2018,REPORTED,House of Representatives,A BILL
556,26-Sep-2018,REPORTED,House of Representatives,A BILL
562,16-Nov-2018,REPORTED,House of Representatives,A BILL
562,16-Nov-2018,REPORTED,House of Representatives,A BILL
89,3-Jan-2017,RESOLVED,House of Representatives,RESOLUTION
100,3-Jan-2017,RESOLVED,House of Representatives,RESOLUTION
89,3-Jan-2017,RESOLVED,House of Representatives,RESOLUTION
100,3-Jan-2017,RESOLVED,House of Representatives,RESOLUTION
215,13-Jan-2017,RESOLVED,House of Representatives,CONCURRENT RESOLUTION
215,13-Jan-2017,RESOLVED,House of Representatives,CONCURRENT RESOLUTION
97,24-Jan-2017,RESOLVED,House of Representatives,RESOLUTION
97,24-Jan-2017,RESOLVED,House of Representatives,RESOLUTION
179,1-Feb-2017,RESOLVED,House of Representatives,RESOLUTION
179,1-Feb-2017,RESOLVED,House of Representatives,RESOLUTION
110,6-Feb-2017,RESOLVED,House of Representatives,RESOLUTION
110,6-Feb-2017,RESOLVED,House of Representatives,RESOLUTION
249,7-Feb-2017,RESOLVED,House of Representatives,RESOLUTION
249,7-Feb-2017,RESOLVED,House of Representatives,RESOLUTION
126,15-Feb-2017,RESOLVED,House of Representatives,RESOLUTION
197,15-Feb-2017,RESOLVED,House of Representatives,RESOLUTION
126,15-Feb-2017,RESOLVED,House of Representatives,RESOLUTION
197,15-Feb-2017,RESOLVED,House of Representatives,RESOLUTION
174,16-Feb-2017,RESOLVED,House of Representatives,RESOLUTION
174,16-Feb-2017,RESOLVED,House of Representatives,RESOLUTION
154,27-Feb-2017,RESOLVED,House of Representatives,JOINT RESOLUTION
154,27-Feb-2017,RESOLVED,House of Representatives,JOINT RESOLUTION
137,28-Feb-2017,RESOLVED,House of Representatives,RESOLUTION
139,28-Feb-2017,RESOLVED,House of Representatives,RESOLUTION
137,28-Feb-2017,RESOLVED,House of Representatives,RESOLUTION
139,28-Feb-2017,RESOLVED,House of Representatives,RESOLUTION
184,1-Mar-2017,RESOLVED,House of Representatives,RESOLUTION
184,1-Mar-2017,RESOLVED,House of Representatives,RESOLUTION
196,10-Mar-2017,RESOLVED,House of Representatives,CONCURRENT RESOLUTION
196,10-Mar-2017,RESOLVED,House of Representatives,CONCURRENT RESOLUTION
25,15-Mar-2017,RESOLVED,House of Representatives,RESOLUTION
25,15-Mar-2017,RESOLVED,House of Representatives,RESOLUTION
64,16-Mar-2017,RESOLVED,House of Representatives,RESOLUTION
95,16-Mar-2017,RESOLVED,House of Representatives,RESOLUTION
64,16-Mar-2017,RESOLVED,House of Representatives,RESOLUTION
95,16-Mar-2017,RESOLVED,House of Representatives,RESOLUTION
61,21-Mar-2017,RESOLVED,House of Representatives,RESOLUTION
61,21-Mar-2017,RESOLVED,House of Representatives,RESOLUTION
240,3-Apr-2017,RESOLVED,House of Representatives,RESOLUTION
240,3-Apr-2017,RESOLVED,House of Representatives,RESOLUTION
213,4-Apr-2017,RESOLVED,House of Representatives,RESOLUTION
213,4-Apr-2017,RESOLVED,House of Representatives,RESOLUTION
67,5-Apr-2017,RESOLVED,House of Representatives,RESOLUTION
108,5-Apr-2017,RESOLVED,House of Representatives,RESOLUTION
67,5-Apr-2017,RESOLVED,House of Representatives,RESOLUTION
108,5-Apr-2017,RESOLVED,House of Representatives,RESOLUTION
46,6-Apr-2017,RESOLVED,House of Representatives,RESOLUTION
64,6-Apr-2017,RESOLVED,House of Representatives,RESOLUTION
64,6-Apr-2017,RESOLVED,House of Representatives,RESOLUTION
64,6-Apr-2017,RESOLVED,House of Representatives,RESOLUTION
155,6-Apr-2017,RESOLVED,House of Representatives,RESOLUTION
46,6-Apr-2017,RESOLVED,House of Representatives,RESOLUTION
64,6-Apr-2017,RESOLVED,House of Representatives,RESOLUTION
64,6-Apr-2017,RESOLVED,House of Representatives,RESOLUTION
64,6-Apr-2017,RESOLVED,House of Representatives,RESOLUTION
155,6-Apr-2017,RESOLVED,House of Representatives,RESOLUTION
131,7-Apr-2017,RESOLVED,House of Representatives,RESOLUTION
132,7-Apr-2017,RESOLVED,House of Representatives,RESOLUTION
180,7-Apr-2017,RESOLVED,House of Representatives,RESOLUTION
131,7-Apr-2017,RESOLVED,House of Representatives,RESOLUTION
132,7-Apr-2017,RESOLVED,House of Representatives,RESOLUTION
180,7-Apr-2017,RESOLVED,House of Representatives,RESOLUTION
85,24-Apr-2017,RESOLVED,House of Representatives,RESOLUTION
85,24-Apr-2017,RESOLVED,House of Representatives,RESOLUTION
131,25-Apr-2017,RESOLVED,House of Representatives,RESOLUTION
131,25-Apr-2017,RESOLVED,House of Representatives,RESOLUTION
12,27-Apr-2017,RESOLVED,House of Representatives,RESOLUTION
12,27-Apr-2017,RESOLVED,House of Representatives,RESOLUTION
130,28-Apr-2017,RESOLVED,House of Representatives,RESOLUTION
130,28-Apr-2017,RESOLVED,House of Representatives,RESOLUTION
135,4-May-2017,RESOLVED,House of Representatives,RESOLUTION
286,4-May-2017,RESOLVED,House of Representatives,RESOLUTION
135,4-May-2017,RESOLVED,House of Representatives,RESOLUTION
286,4-May-2017,RESOLVED,House of Representatives,RESOLUTION
171,17-May-2017,RESOLVED,House of Representatives,RESOLUTION
171,17-May-2017,RESOLVED,House of Representatives,RESOLUTION
361,25-May-2017,RESOLVED,House of Representatives,RESOLUTION
361,25-May-2017,RESOLVED,House of Representatives,RESOLUTION
332,7-Jun-2017,RESOLVED,House of Representatives,RESOLUTION
332,7-Jun-2017,RESOLVED,House of Representatives,RESOLUTION
235,8-Jun-2017,RESOLVED,House of Representatives,RESOLUTION
235,8-Jun-2017,RESOLVED,House of Representatives,RESOLUTION
39,21-Jun-2017,RESOLVED,House of Representatives,CONCURRENT RESOLUTION
39,21-Jun-2017,RESOLVED,House of Representatives,CONCURRENT RESOLUTION
161,26-Jun-2017,RESOLVED,House of Representatives,RESOLUTION
161,26-Jun-2017,RESOLVED,House of Representatives,RESOLUTION
138,29-Jun-2017,RESOLVED,House of Representatives,RESOLUTION
242,29-Jun-2017,RESOLVED,House of Representatives,RESOLUTION
138,29-Jun-2017,RESOLVED,House of Representatives,RESOLUTION
242,29-Jun-2017,RESOLVED,House of Representatives,RESOLUTION
187,17-Jul-2017,RESOLVED,House of Representatives,RESOLUTION
187,17-Jul-2017,RESOLVED,House of Representatives,RESOLUTION
35,20-Jul-2017,RESOLVED,House of Representatives,RESOLUTION
76,20-Jul-2017,RESOLVED,House of Representatives,RESOLUTION
183,20-Jul-2017,RESOLVED,House of Representatives,RESOLUTION
202,20-Jul-2017,RESOLVED,House of Representatives,RESOLUTION
35,20-Jul-2017,RESOLVED,House of Representatives,RESOLUTION
76,20-Jul-2017,RESOLVED,House of Representatives,RESOLUTION
183,20-Jul-2017,RESOLVED,House of Representatives,RESOLUTION
202,20-Jul-2017,RESOLVED,House of Representatives,RESOLUTION
219,27-Jul-2017,RESOLVED,House of Representatives,RESOLUTION
219,27-Jul-2017,RESOLVED,House of Representatives,RESOLUTION
218,28-Jul-2017,RESOLVED,House of Representatives,CONCURRENT RESOLUTION
218,28-Jul-2017,RESOLVED,House of Representatives,CONCURRENT RESOLUTION
151,5-Oct-2017,RESOLVED,House of Representatives,RESOLUTION
151,5-Oct-2017,RESOLVED,House of Representatives,RESOLUTION
287,10-Oct-2017,RESOLVED,House of Representatives,RESOLUTION
287,10-Oct-2017,RESOLVED,House of Representatives,RESOLUTION
58,24-Oct-2017,RESOLVED,House of Representatives,RESOLUTION
190,24-Oct-2017,RESOLVED,House of Representatives,RESOLUTION
58,24-Oct-2017,RESOLVED,House of Representatives,RESOLUTION
190,24-Oct-2017,RESOLVED,House of Representatives,RESOLUTION
292,26-Oct-2017,RESOLVED,House of Representatives,RESOLUTION
292,26-Oct-2017,RESOLVED,House of Representatives,RESOLUTION
175,7-Nov-2017,RESOLVED,House of Representatives,RESOLUTION
175,7-Nov-2017,RESOLVED,House of Representatives,RESOLUTION
109,12-Dec-2017,RESOLVED,House of Representatives,RESOLUTION
109,12-Dec-2017,RESOLVED,House of Representatives,RESOLUTION
53,19-Dec-2017,RESOLVED,House of Representatives,RESOLUTION
53,19-Dec-2017,RESOLVED,House of Representatives,RESOLUTION
17,19-Jan-2018,RESOLVED,House of Representatives,RESOLUTION
17,19-Jan-2018,RESOLVED,House of Representatives,RESOLUTION
19,25-Jan-2018,RESOLVED,House of Representatives,RESOLUTION
19,25-Jan-2018,RESOLVED,House of Representatives,RESOLUTION
136,30-Jan-2018,RESOLVED,House of Representatives,RESOLUTION
136,30-Jan-2018,RESOLVED,House of Representatives,RESOLUTION
129,14-Feb-2018,RESOLVED,House of Representatives,RESOLUTION
129,14-Feb-2018,RESOLVED,House of Representatives,RESOLUTION
176,26-Feb-2018,RESOLVED,House of Representatives,RESOLUTION
176,26-Feb-2018,RESOLVED,House of Representatives,RESOLUTION
121,27-Feb-2018,RESOLVED,House of Representatives,RESOLUTION
143,27-Feb-2018,RESOLVED,House of Representatives,RESOLUTION
121,27-Feb-2018,RESOLVED,House of Representatives,RESOLUTION
143,27-Feb-2018,RESOLVED,House of Representatives,RESOLUTION
233,7-Mar-2018,RESOLVED,House of Representatives,CONCURRENT RESOLUTION
238,7-Mar-2018,RESOLVED,House of Representatives,RESOLUTION
233,7-Mar-2018,RESOLVED,House of Representatives,CONCURRENT RESOLUTION
238,7-Mar-2018,RESOLVED,House of Representatives,RESOLUTION
162,19-Mar-2018,RESOLVED,House of Representatives,RESOLUTION
162,19-Mar-2018,RESOLVED,House of Representatives,RESOLUTION
63,20-Mar-2018,RESOLVED,House of Representatives,RESOLUTION
63,20-Mar-2018,RESOLVED,House of Representatives,RESOLUTION
216,10-Apr-2018,RESOLVED,House of Representatives,RESOLUTION
216,10-Apr-2018,RESOLVED,House of Representatives,RESOLUTION
13,11-Apr-2018,RESOLVED,House of Representatives,RESOLUTION
122,11-Apr-2018,RESOLVED,House of Representatives,RESOLUTION
13,11-Apr-2018,RESOLVED,House of Representatives,RESOLUTION
122,11-Apr-2018,RESOLVED,House of Representatives,RESOLUTION
214,27-Apr-2018,RESOLVED,House of Representatives,CONCURRENT RESOLUTION
214,27-Apr-2018,RESOLVED,House of Representatives,CONCURRENT RESOLUTION
201,3-May-2018,RESOLVED,House of Representatives,RESOLUTION
201,3-May-2018,RESOLVED,House of Representatives,RESOLUTION
166,10-May-2018,RESOLVED,House of Representatives,JOINT RESOLUTION
166,10-May-2018,RESOLVED,House of Representatives,JOINT RESOLUTION
18,17-May-2018,RESOLVED,House of Representatives,RESOLUTION
91,17-May-2018,RESOLVED,House of Representatives,RESOLUTION
18,17-May-2018,RESOLVED,House of Representatives,RESOLUTION
91,17-May-2018,RESOLVED,House of Representatives,RESOLUTION
94,25-May-2018,RESOLVED,House of Representatives,RESOLUTION
94,25-May-2018,RESOLVED,House of Representatives,RESOLUTION
127,6-Jun-2018,RESOLVED,House of Representatives,RESOLUTION
172,6-Jun-2018,RESOLVED,House of Representatives,RESOLUTION
200,6-Jun-2018,RESOLVED,House of Representatives,RESOLUTION
127,6-Jun-2018,RESOLVED,House of Representatives,RESOLUTION
172,6-Jun-2018,RESOLVED,House of Representatives,RESOLUTION
200,6-Jun-2018,RESOLVED,House of Representatives,RESOLUTION
47,12-Jun-2018,RESOLVED,House of Representatives,RESOLUTION
47,12-Jun-2018,RESOLVED,House of Representatives,RESOLUTION
98,13-Jun-2018,RESOLVED,House of Representatives,RESOLUTION
98,13-Jun-2018,RESOLVED,House of Representatives,RESOLUTION
280,14-Jun-2018,RESOLVED,House of Representatives,RESOLUTION
280,14-Jun-2018,RESOLVED,House of Representatives,RESOLUTION
112,19-Jun-2018,RESOLVED,House of Representatives,RESOLUTION
112,19-Jun-2018,RESOLVED,House of Representatives,RESOLUTION
145,26-Jun-2018,RESOLVED,House of Representatives,RESOLUTION
145,26-Jun-2018,RESOLVED,House of Representatives,RESOLUTION
243,28-Jun-2018,RESOLVED,House of Representatives,RESOLUTION
243,28-Jun-2018,RESOLVED,House of Representatives,RESOLUTION
49,6-Jul-2018,RESOLVED,House of Representatives,RESOLUTION
49,6-Jul-2018,RESOLVED,House of Representatives,RESOLUTION
173,9-Jul-2018,RESOLVED,House of Representatives,RESOLUTION
173,9-Jul-2018,RESOLVED,House of Representatives,RESOLUTION
123,18-Jul-2018,RESOLVED,House of Representatives,RESOLUTION
123,18-Jul-2018,RESOLVED,House of Representatives,RESOLUTION
125,23-Jul-2018,RESOLVED,House of Representatives,RESOLUTION
125,23-Jul-2018,RESOLVED,House of Representatives,RESOLUTION
115,24-Jul-2018,RESOLVED,House of Representatives,RESOLUTION
115,24-Jul-2018,RESOLVED,House of Representatives,RESOLUTION
206,31-Jul-2018,RESOLVED,House of Representatives,RESOLUTION
206,31-Jul-2018,RESOLVED,House of Representatives,RESOLUTION
10,1-Aug-2018,RESOLVED,House of Representatives,RESOLUTION
10,1-Aug-2018,RESOLVED,House of Representatives,RESOLUTION
178,7-Aug-2018,RESOLVED,House of Representatives,RESOLUTION
178,7-Aug-2018,RESOLVED,House of Representatives,RESOLUTION
121,15-Aug-2018,RESOLVED,House of Representatives,RESOLUTION
121,15-Aug-2018,RESOLVED,House of Representatives,RESOLUTION
121,15-Aug-2018,RESOLVED,House of Representatives,RESOLUTION
121,15-Aug-2018,RESOLVED,House of Representatives,RESOLUTION
283,4-Sep-2018,RESOLVED,House of Representatives,RESOLUTION
283,4-Sep-2018,RESOLVED,House of Representatives,RESOLUTION
68,13-Sep-2018,RESOLVED,House of Representatives,RESOLUTION
68,13-Sep-2018,RESOLVED,House of Representatives,RESOLUTION
59,20-Sep-2018,RESOLVED,House of Representatives,RESOLUTION
59,20-Sep-2018,RESOLVED,House of Representatives,RESOLUTION
555,26-Sep-2018,RESOLVED,House of Representatives,RESOLUTION
555,26-Sep-2018,RESOLVED,House of Representatives,RESOLUTION
111,12-Oct-2018,RESOLVED,House of Representatives,RESOLUTION
111,12-Oct-2018,RESOLVED,House of Representatives,RESOLUTION
212,15-Nov-2018,RESOLVED,House of Representatives,CONCURRENT RESOLUTION
212,15-Nov-2018,RESOLVED,House of Representatives,CONCURRENT RESOLUTION
145,4-Dec-2018,RESOLVED,House of Representatives,RESOLUTION
145,4-Dec-2018,RESOLVED,House of Representatives,RESOLUTION
145,4-Dec-2018,RESOLVED,House of Representatives,RESOLUTION
145,4-Dec-2018,RESOLVED,House of Representatives,RESOLUTION
193,18-Dec-2018,RESOLVED,House of Representatives,RESOLUTION
193,18-Dec-2018,RESOLVED,House of Representatives,RESOLUTION
99,19-Dec-2018,RESOLVED,House of Representatives,RESOLUTION
99,19-Dec-2018,RESOLVED,House of Representatives,RESOLUTION
11,7-Feb-2021,RESOLVED,House of Representatives,RESOLUTION
11,7-Feb-2017,RESOLVED,House of Representatives,RESOLUTION
150,12-Dec-2018,RESOLVED,House of Representatives,RESOLUTION
150,12-Dec-2018,RESOLVED,House of Representatives,RESOLUTION